epoch,loss
0,466.1732482910156
1,541.5968017578125
2,464.83123779296875
3,404.7566223144531
4,328.87554931640625
5,235.52993774414062
6,249.08224487304688
7,223.6795654296875
8,238.50851440429688
9,233.30233764648438
10,230.68576049804688
11,217.8305206298828
12,225.994140625
13,199.80392456054688
14,221.63900756835938
15,226.1854705810547
16,192.85260009765625
17,218.4693603515625
18,222.06643676757812
19,200.3797607421875
20,195.0105743408203
